[
  {
    "Id": "981827",
    "ThreadId": "428060",
    "Html": "\r\n<p>It is so nice to have a button project that works.</p>\r\n",
    "PostedDate": "2012-12-30T13:06:56.433-08:00",
    "UserRole": null,
    "MarkedAsAnswerDate": null
  },
  {
    "Id": "994372",
    "ThreadId": "428060",
    "Html": "Yep, and is updated to 1.5 SDK version and works right with 1.6 SDK version :p Thanks a lot!<br />\n",
    "PostedDate": "2013-01-30T13:40:23.013-08:00",
    "UserRole": null,
    "MarkedAsAnswerDate": null
  }
]